Workbook
Name Orders: Order!$A$1:$C$7
Name Product: Product!$A$1:$C$7
Name Products: Product!$A$1:$C$7
Name tABLE: #REF!

Sheet Product
A1: ProductID | B1: Product | C1: Price | D1: Quantity | E1: Ordered/Not ordered
A2: 101 | B2: Product A | C2: 120 | D2: =IFERROR(VLOOKUP(A2,Order!$B$1:$G$7,2,0),0) -> 2 | E2: =IF(ISNA(VLOOKUP(A2,Order!$B$2:$C$8,1,0)),"Not Ordered","Ordered") -> Ordered
A3: 102 | B3: Product B | C3: 150 | D3: =IFERROR(VLOOKUP(A3,Order!$B$1:$G$7,2,0),0) -> 5 | E3: =IF(ISNA(VLOOKUP(A3,Order!$B$2:$C$8,1,0)),"Not Ordered","Ordered") -> Ordered
A4: 103 | B4: Product C | C4: 200 | D4: =IFERROR(VLOOKUP(A4,Order!$B$1:$G$7,2,0),0) -> 1 | E4: =IF(ISNA(VLOOKUP(A4,Order!$B$2:$C$8,1,0)),"Not Ordered","Ordered") -> Ordered
A5: 104 | B5: Product D | C5: 90 | D5: =IFERROR(VLOOKUP(A5,Order!$B$1:$G$7,2,0),0) -> 6 | E5: =IF(ISNA(VLOOKUP(A5,Order!$B$2:$C$8,1,0)),"Not Ordered","Ordered") -> Ordered
A6: 105 | B6: Product E | C6: 220 | D6: =IFERROR(VLOOKUP(A6,Order!$B$1:$G$7,2,0),0) -> 4 | E6: =IF(ISNA(VLOOKUP(A6,Order!$B$2:$C$8,1,0)),"Not Ordered","Ordered") -> Ordered
A7: 106 | B7: Product F | C7: 130 | D7: =IFERROR(VLOOKUP(A7,Order!$B$1:$G$7,2,0),0) -> 3 | E7: =IF(ISNA(VLOOKUP(A7,Order!$B$2:$C$8,1,0)),"Not Ordered","Ordered") -> Ordered
A8: 108 | B8: Product H | C8: 180 | D8: =IFERROR(VLOOKUP(A8,Order!$B$1:$G$7,2,0),0) -> 0 | E8: =IF(ISNA(VLOOKUP(A8,Order!$B$2:$C$8,1,0)),"Not Ordered","Ordered") -> Not Ordered
A9: 109 | B9: Product I | C9: 130 | D9: =IFERROR(VLOOKUP(A9,Order!$B$1:$G$7,2,0),0) -> 0 | E9: =IF(ISNA(VLOOKUP(A9,Order!$B$2:$C$8,1,0)),"Not ordered","Ordered") -> Not ordered

Sheet Order
A1: OrderID | B1: ProductId | C1: Quantity | D1: Total Price | E1: Product Name | F1: Availability | G1: Discounted Price | H1: Price
A2: 1 | B2: 101 | C2: 2 | D2: =IFERROR(VLOOKUP(B2,Product,3,0)*C2, "Not Listed") -> 240 | E2: =VLOOKUP(B2,Product,2,0) -> Product A | F2: =IF(ISNA(VLOOKUP(B2,Products,1,0)),"Not Found","Found") -> Found | G2: =IF(ISNA(VLOOKUP(B2,Products,1,0)),"Not Listed", D2*0.9) -> 216 | H2: =IFERROR(VLOOKUP(B2,Product!$A$1:$C$7,3,0),"Not Listed") -> 120
A3: 2 | B3: 103 | C3: 1 | D3: =IFERROR(VLOOKUP(B3,Product,3,0)*C3, "Not Listed") -> 200 | E3: =VLOOKUP(B3,Product,2,0) -> Product C | F3: =IF(ISNA(VLOOKUP(B3,Products,1,0)),"Not Found","Found") -> Found | G3: =IF(ISNA(VLOOKUP(B3,Products,1,0)),"Not Listed", D3*0.9) -> 180 | H3: =IFERROR(VLOOKUP(B3,Product!$A$1:$C$7,3,0),"Not Listed") -> 200
A4: 3 | B4: 105 | C4: 4 | D4: =IFERROR(VLOOKUP(B4,Product,3,0)*C4, "Not Listed") -> 880 | E4: =VLOOKUP(B4,Product,2,0) -> Product E | F4: =IF(ISNA(VLOOKUP(B4,Products,1,0)),"Not Found","Found") -> Found | G4: =IF(ISNA(VLOOKUP(B4,Products,1,0)),"Not Listed", D4*0.9) -> 792 | H4: =IFERROR(VLOOKUP(B4,Product!$A$1:$C$7,3,0),"Not Listed") -> 220
A5: 4 | B5: 106 | C5: 3 | D5: =IFERROR(VLOOKUP(B5,Product,3,0)*C5, "Not Listed") -> 390 | E5: =VLOOKUP(B5,Product,2,0) -> Product F | F5: =IF(ISNA(VLOOKUP(B5,Products,1,0)),"Not Found","Found") -> Found | G5: =IF(ISNA(VLOOKUP(B5,Products,1,0)),"Not Listed", D5*0.9) -> 351 | H5: =IFERROR(VLOOKUP(B5,Product!$A$1:$C$7,3,0),"Not Listed") -> 130
A6: 5 | B6: 102 | C6: 5 | D6: =IFERROR(VLOOKUP(B6,Product,3,0)*C6, "Not Listed") -> 750 | E6: =VLOOKUP(B6,Product,2,0) -> Product B | F6: =IF(ISNA(VLOOKUP(B6,Products,1,0)),"Not Found","Found") -> Found | G6: =IF(ISNA(VLOOKUP(B6,Products,1,0)),"Not Listed", D6*0.9) -> 675 | H6: =IFERROR(VLOOKUP(B6,Product!$A$1:$C$7,3,0),"Not Listed") -> 150
A7: 6 | B7: 104 | C7: 6 | D7: =IFERROR(VLOOKUP(B7,Product,3,0)*C7, "Not Listed") -> 540 | E7: =VLOOKUP(B7,Product,2,0) -> Product D | F7: =IF(ISNA(VLOOKUP(B7,Products,1,0)),"Not Found","Found") -> Found | G7: =IF(ISNA(VLOOKUP(B7,Products,1,0)),"Not Listed", D7*0.9) -> 486 | H7: =IFERROR(VLOOKUP(B7,Product!$A$1:$C$7,3,0),"Not Listed") -> 90
A8: 7 | B8: 107 | C8: 7 | D8: =IFERROR(VLOOKUP(B8,Product,3,0)*C8, "Not Listed") -> Not Listed | E8: Product G | F8: =IF(ISNA(VLOOKUP(B8,Products,1,0)),"Not Found","Found") -> Not Found | G8: =IF(ISNA(VLOOKUP(B8,Products,1,0)),"Not Listed", D8*0.9) -> Not Listed | H8: =IFERROR(VLOOKUP(B8,Product!$A$1:$C$7,3,0),"Not Listed") -> Not Listed
E11: Max order value
E12: =MAX(D2:D8) -> 880
