Workbook

Sheet Sheet1
A14: Name | B14: s1 | C14: s2 | D14: s3
A15: Ankit | B15: 54 | C15: 45 | D15: 49
A16: Binay | B16: 52 | C16: 78 | D16: 60
A17: Dipa | B17: 89 | C17: 82 | D17: 80
A18: Lopa | B18: 97 | C18: 78 | D18: 98
A19: Amit | B19: 50 | C19: 83 | D19: 57
A20: Ankita | B20: 58 | C20: 79 | D20: 92

Sheet Sheet2
G3: Name | H3: s1 | I3: s2 | J3: s3
G4: Ankit | H4: 50 | I4: 45 | J4: 49
G5: Binay | H5: 50 | I5: 78 | J5: 60 | L5: Marks | M5: Name
G6: Dipa | H6: 89 | I6: 82 | J6: 80 | L6: 50 | M6: ria
G7: Lopa | H7: 97 | I7: 78 | J7: 98 | L7: 6
G8: Amit | H8: 50 | I8: 83 | J8: 57
G9: Ankita | H9: 58 | I9: 79 | J9: 92
F13: Lopa | G13: s3

Sheet Sheet3
H14: Name | I14: s1 | J14: s2 | K14: s3
H15: Ankit | I15: 50 | J15: 45 | K15: 49
H16: Binay | I16: 45 | J16: 78 | K16: 60
H17: Dipa | I17: 89 | J17: 82 | K17: 80
H18: Lopa | I18: 97 | J18: 78 | K18: 98
H19: Amit | I19: 50 | J19: 83 | K19: 57
H20: Ankita | I20: 58 | J20: 79 | K20: 92

Sheet Sheet4
C1: s1 | D1: s2 | E1: s3
B2: Book1 | C2: =Sheet1!$B$15 -> 54 | D2: =Sheet1!$C$15 -> 45 | E2: =Sheet1!$D$15 -> 49
B3: Book1 | C3: =Sheet2!$H$4 -> 50 | D3: =Sheet2!$I$4 -> 45 | E3: =Sheet2!$J$4 -> 49
B4: Book1 | C4: =Sheet3!$I$15 -> 50 | D4: =Sheet3!$J$15 -> 45 | E4: =Sheet3!$K$15 -> 49
A5: Ankit | C5: =SUM(C2:C4) -> 154 | D5: =SUM(D2:D4) -> 135 | E5: =SUM(E2:E4) -> 147
B6: Book1 | C6: =Sheet1!$B$16 -> 52 | D6: =Sheet1!$C$16 -> 78 | E6: =Sheet1!$D$16 -> 60
B7: Book1 | C7: =Sheet2!$H$5 -> 50 | D7: =Sheet2!$I$5 -> 78 | E7: =Sheet2!$J$5 -> 60
B8: Book1 | C8: =Sheet3!$I$16 -> 45 | D8: =Sheet3!$J$16 -> 78 | E8: =Sheet3!$K$16 -> 60
A9: Binay | C9: =SUM(C6:C8) -> 147 | D9: =SUM(D6:D8) -> 234 | E9: =SUM(E6:E8) -> 180
B10: Book1 | C10: =Sheet1!$B$17 -> 89 | D10: =Sheet1!$C$17 -> 82 | E10: =Sheet1!$D$17 -> 80
B11: Book1 | C11: =Sheet2!$H$6 -> 89 | D11: =Sheet2!$I$6 -> 82 | E11: =Sheet2!$J$6 -> 80
B12: Book1 | C12: =Sheet3!$I$17 -> 89 | D12: =Sheet3!$J$17 -> 82 | E12: =Sheet3!$K$17 -> 80
A13: Dipa | C13: =SUM(C10:C12) -> 267 | D13: =SUM(D10:D12) -> 246 | E13: =SUM(E10:E12) -> 240
B14: Book1 | C14: =Sheet1!$B$18 -> 97 | D14: =Sheet1!$C$18 -> 78 | E14: =Sheet1!$D$18 -> 98
B15: Book1 | C15: =Sheet2!$H$7 -> 97 | D15: =Sheet2!$I$7 -> 78 | E15: =Sheet2!$J$7 -> 98
B16: Book1 | C16: =Sheet3!$I$18 -> 97 | D16: =Sheet3!$J$18 -> 78 | E16: =Sheet3!$K$18 -> 98
A17: Lopa | C17: =SUM(C14:C16) -> 291 | D17: =SUM(D14:D16) -> 234 | E17: =SUM(E14:E16) -> 294
B18: Book1 | C18: =Sheet1!$B$19 -> 50 | D18: =Sheet1!$C$19 -> 83 | E18: =Sheet1!$D$19 -> 57
B19: Book1 | C19: =Sheet2!$H$8 -> 50 | D19: =Sheet2!$I$8 -> 83 | E19: =Sheet2!$J$8 -> 57
B20: Book1 | C20: =Sheet3!$I$19 -> 50 | D20: =Sheet3!$J$19 -> 83 | E20: =Sheet3!$K$19 -> 57
A21: Amit | C21: =SUM(C18:C20) -> 150 | D21: =SUM(D18:D20) -> 249 | E21: =SUM(E18:E20) -> 171
B22: Book1 | C22: =Sheet1!$B$20 -> 58 | D22: =Sheet1!$C$20 -> 79 | E22: =Sheet1!$D$20 -> 92
B23: Book1 | C23: =Sheet2!$H$9 -> 58 | D23: =Sheet2!$I$9 -> 79 | E23: =Sheet2!$J$9 -> 92
B24: Book1 | C24: =Sheet3!$I$20 -> 58 | D24: =Sheet3!$J$20 -> 79 | E24: =Sheet3!$K$20 -> 92
A25: Ankita | C25: =SUM(C22:C24) -> 174 | D25: =SUM(D22:D24) -> 237 | E25: =SUM(E22:E24) -> 276
