Workbook

Sheet Products
B2: ProductID | C2: Product | D2: Category | E2: Price
B3: 101 | C3: Product A | D3: Electronics | E3: 120
B4: 102 | C4: Product B | D4: Furniture | E4: 150
B5: 103 | C5: Product C | D5: Electronics | E5: 200
B6: 104 | C6: Product D | D6: Clothing | E6: 90
B7: 105 | C7: Product E | D7: Furniture | E7: 220
B8: 106 | C8: Product F | D8: Electronics | E8: 130

Sheet Orders
B2: OrderID | C2: ProductID | D2: Quantity
B3: 1 | C3: 101 | D3: 2
B4: 2 | C4: 103 | D4: 1
B5: 3 | C5: 105 | D5: 4
B6: 4 | C6: 106 | D6: 3
B7: 5 | C7: 102 | D7: 5
B8: 6 | C8: 104 | D8: 6
B11: 1. Use VLOOKUP to dynamically find the unit price for each ProductID in the Orders worksheet and calculate the total price.
B13: OrderID | C13: ProductID | D13: Quantity | E13: UnitPrice | H13: OrderID | I13: ProductID | J13: Quantity | K13: UnitPrice | L13: TotalPrice
B14: 1 | C14: 101 | D14: 2 | E14: =VLOOKUP(C14,Products!$B$3:$E$8,4) -> 120 | H14: 1 | I14: 101 | J14: 2 | K14: =VLOOKUP(I14,Products!$B$3:$E$8,4) -> 120 | L14: =K14*J14 -> 240
B15: 2 | C15: 103 | D15: 1 | E15: =VLOOKUP(C15,Products!$B$3:$E$8,4) -> 200 | H15: 2 | I15: 103 | J15: 1 | K15: =VLOOKUP(I15,Products!$B$3:$E$8,4) -> 200 | L15: =K15*J15 -> 200
B16: 3 | C16: 105 | D16: 4 | E16: =VLOOKUP(C16,Products!$B$3:$E$8,4) -> 220 | H16: 3 | I16: 105 | J16: 4 | K16: =VLOOKUP(I16,Products!$B$3:$E$8,4) -> 220 | L16: =K16*J16 -> 880
B17: 4 | C17: 106 | D17: 3 | E17: =VLOOKUP(C17,Products!$B$3:$E$8,4) -> 130 | H17: 4 | I17: 106 | J17: 3 | K17: =VLOOKUP(I17,Products!$B$3:$E$8,4) -> 130 | L17: =K17*J17 -> 390
B18: 5 | C18: 102 | D18: 5 | E18: =VLOOKUP(C18,Products!$B$3:$E$8,4) -> 150 | H18: 5 | I18: 102 | J18: 5 | K18: =VLOOKUP(I18,Products!$B$3:$E$8,4) -> 150 | L18: =K18*J18 -> 750
B19: 6 | C19: 104 | D19: 6 | E19: =VLOOKUP(C19,Products!$B$3:$E$8,4) -> 90 | H19: 6 | I19: 104 | J19: 6 | K19: =VLOOKUP(I19,Products!$B$3:$E$8,4) -> 90 | L19: =K19*J19 -> 540
B22: 2. Use nested VLOOKUP to find the category of each product in the Orders worksheet.
B24: OrderID | C24: ProductID | D24: Quantity | E24: UnitPrice | F24: TotalPrice | G24: Category
B25: 1 | C25: 101 | D25: 2 | E25: =VLOOKUP(C25,Products!$B$3:$E$8,4) -> 120 | F25: =E25*D25 -> 240 | G25: =VLOOKUP(Orders!C25,Products!$B$3:$D$8,3) -> Electronics
B26: 2 | C26: 103 | D26: 1 | E26: =VLOOKUP(C26,Products!$B$3:$E$8,4) -> 200 | F26: =E26*D26 -> 200 | G26: =VLOOKUP(Orders!C26,Products!$B$3:$D$8,3) -> Electronics
B27: 3 | C27: 105 | D27: 4 | E27: =VLOOKUP(C27,Products!$B$3:$E$8,4) -> 220 | F27: =E27*D27 -> 880 | G27: =VLOOKUP(Orders!C27,Products!$B$3:$D$8,3) -> Furniture
B28: 4 | C28: 106 | D28: 3 | E28: =VLOOKUP(C28,Products!$B$3:$E$8,4) -> 130 | F28: =E28*D28 -> 390 | G28: =VLOOKUP(Orders!C28,Products!$B$3:$D$8,3) -> Electronics
B29: 5 | C29: 102 | D29: 5 | E29: =VLOOKUP(C29,Products!$B$3:$E$8,4) -> 150 | F29: =E29*D29 -> 750 | G29: =VLOOKUP(Orders!C29,Products!$B$3:$D$8,3) -> Furniture
B30: 6 | C30: 104 | D30: 6 | E30: =VLOOKUP(C30,Products!$B$3:$E$8,4) -> 90 | F30: =E30*D30 -> 540 | G30: =VLOOKUP(Orders!C30,Products!$B$3:$D$8,3) -> Clothing

Sheet Monthly Sales
C2: Jan | D2: Feb | E2: Mar | F2: Apr | G2: May
B3: Product A | C3: 120 | D3: 130 | E3: 140 | F3: 150 | G3: 160
B4: Product B | C4: 150 | D4: 160 | E4: 170 | F4: 180 | G4: 190
B5: Product C | C5: 200 | D5: 210 | E5: 220 | F5: 230 | G5: 240
B6: Product D | C6: 90 | D6: 100 | E6: 110 | F6: 120 | G6: 130
B7: Product E | C7: 220 | D7: 230 | E7: 240 | F7: 250 | G7: 260
B8: Product F | C8: 130 | D8: 140 | E8: 150 | F8: 160 | G8: 170
B10: 1. Use HLOOKUP to dynamically Find the sales for Product B in a specified month.
B12: Product | C12: Month | D12: Sales
B13: Product B | C13: May | D13: =HLOOKUP(C13,$B$2:$G$8,3,0) -> 190
